N (rows),time (us),instructions,cycles,GFLOP/s
4000,74820620,833198073432,1073244287819,1.7107583444243046
4000,75062050,833225440876,1075891833865,1.7052558516587277
4000,75060150,833237306714,1076449337123,1.705299016855149
4000,74941200,833250456055,1075216769810,1.7080057431693114
4000,74893610,833353183968,1074611534224,1.7090910693181969
