N (rows),time (us),instructions,cycles,GFLOP/s
4000,18108110,961423056838,259229531875,7.0686559779016145
4000,18350890,960422811318,260210922439,6.975138535515171
4000,18127930,961463531132,259321073945,7.060927530059969
4000,18105920,960701025879,259199852689,7.069510966578888
4000,18107440,961182507952,259191492488,7.068917527822817
