N (rows),time (us),instructions,cycles,GFLOP/s
4000,18187040,961259568857,260065065681,7.037978692519508
4000,18147340,960697314244,259360104808,7.053375315610993
4000,18115500,961505840416,259302033467,7.065772404846678
4000,18117770,961323766334,259217220599,7.064887124629577
4000,18141540,961089325138,259426674919,7.055630337887522
