N (rows),time (us),instructions,cycles,GFLOP/s
4000,13775720,833525638798,196484906894,9.29171034254471
4000,13777260,833260288195,196427101350,9.29067173008276
4000,13821360,833236761071,197025369839,9.261027858329427
4000,13903820,834020783501,198495681386,9.206103070954601
4000,13973070,833116069608,199288665301,9.160477976564922
