N (rows),time (us),instructions,cycles,GFLOP/s
4000,13845950,833961713698,197537778969,9.244580545213582
4000,13834880,832723530400,197133699133,9.251977610214183
4000,13816060,833712650592,196909397701,9.264580495452394
4000,13950920,833156267387,198737098860,9.175022149076907
4000,13769630,833788897110,196489741810,9.295819858630916
