N (rows),time (us),instructions,cycles,GFLOP/s
4000,4087865,137491412177,57400560507,31.312188636366418
4000,4036841,137568141748,56770689343,31.70796174533503
4000,4095814,137598318427,56962973846,31.251419131825813
4000,4032160,137604348311,57035741913,31.74477203285584
4000,4028394,137437355849,56973939540,31.774449073253514
