N (rows),time (us),instructions,cycles,GFLOP/s
4000,4079675,137515116001,57188017523,31.375048257520515
4000,4013448,137731447797,56856559968,31.8927764854559
4000,4053086,137519457388,56668375806,31.580874425067716
4000,4263899,137499490319,59620099835,30.019472787699712
4000,4088911,137070540193,57284183448,31.30417854533885
