N (rows),time (us),instructions,cycles,GFLOP/s
4000,2950733,126746389724,41377012850,43.37905191693047
4000,2968472,126830106790,41449951423,43.11982730509165
4000,2952844,126438536688,41059131435,43.34804005900752
4000,2972360,126850980044,41344657054,43.06342434967501
4000,2977292,126822490133,41538508562,42.99208811228459
