N (rows),time (us),instructions,cycles,GFLOP/s
4000,3002562,127003369127,41787397739,42.63026042426435
4000,2988051,126920848536,41928910195,42.8372875831102
4000,2978353,127213669971,41852618597,42.97677273311794
4000,2911316,126502750081,40677786017,43.96637122181172
4000,2906372,126804845765,40715186980,44.041161971007156
