N (rows),time (us),instructions,cycles,GFLOP/s
4000,908743,38515951113,12781220870,140.8539047893629
4000,923245,38269906393,12789772086,138.64142237434268
4000,884847,37947248766,12211813046,144.65777699421483
4000,869816,38245991659,12101288339,147.1575597597653
4000,887991,37394720218,12296406247,144.14560507933075
