N (rows),time (us),instructions,cycles,GFLOP/s
4000,986360,37804599868,13638569719,129.7700636684375
4000,990757,37960435564,13577174109,129.19414144941697
4000,961036,37951480848,13227397996,133.1895995571446
4000,988243,38230844950,13626074439,129.52279955436063
4000,998612,38115103444,13704432587,128.17791094038526
