N (rows),time (us),instructions,cycles,GFLOP/s
4000,785727,41355773427,11082456437,162.9064547864589
4000,790106,41299404617,11156306729,162.00357926657944
4000,793863,41323305107,11019866478,161.236888480758
4000,778186,41443676359,10643834222,164.48509739316822
4000,779939,41628163031,10688490085,164.11539876836522
