N (rows),time (us),instructions,cycles,GFLOP/s
4000,777723,41429204569,10691534514,164.58301991840284
4000,777695,41926900167,10669428003,164.58894553777512
4000,782834,41645775600,10711662891,163.5084832799802
4000,778257,41343243701,10675874743,164.47009149933763
4000,782197,41639771726,10720134177,163.64164014947642
