N (rows),time (us),instructions,cycles,GFLOP/s
4000,75015500,449370070117,1076088668574,1.7063140284341236
4000,74978400,449134447227,1075222342879,1.7071583282652072
4000,74894160,449095329995,1074577605425,1.7090785182716517
4000,75023610,449169150155,1075398295282,1.7061295770758034
4000,78375620,449205789094,1085937937590,1.6331609242772178
