N (rows),time (us),instructions,cycles,GFLOP/s
4000,74844770,449312497197,1073090596802,1.710206337730746
4000,74818870,449157525403,1073622101535,1.7107983587562872
4000,74740040,449241777160,1072394528329,1.7126027762361382
4000,74685960,449324925178,1071702660858,1.7138428695299626
4000,75106080,449176600891,1076139878724,1.7042561667444236
