N (rows),time (us),instructions,cycles,GFLOP/s
4000,17928000,384858485697,257105932359,7.139669790272199
4000,17929220,384821160644,257155834327,7.1391839689623975
4000,17928830,384866237236,257164112729,7.139339265306214
4000,17927540,384849646443,257171725345,7.139852985964611
4000,17927700,384885109916,257127474501,7.1397892646574865
