N (rows),time (us),instructions,cycles,GFLOP/s
4000,17929310,384829826188,257149089818,7.139148132304033
4000,17927480,384936416416,257196518361,7.1398768817480205
4000,17928310,384828648604,257157511506,7.139546337607951
4000,17927900,384810027434,257129477546,7.139709614623019
4000,17927610,384843800268,257135191672,7.139825107752791
