N (rows),time (us),instructions,cycles,GFLOP/s
4000,5808124,257613709725,82812415651,22.03809698277792
4000,5934260,257540301739,83997543523,21.569664962438452
4000,5824030,257477892174,83087443047,21.97790876764028
4000,6100280,259137730254,87214402558,20.982643419646312
4000,6534843,258181562809,87039512031,19.58731066683622
