N (rows),time (us),instructions,cycles,GFLOP/s
4000,5907898,257989140245,83658854831,21.66591230925111
4000,5878960,258295262993,84053712614,21.77255841169187
4000,5874616,257360999150,83875232171,21.78865818633933
4000,5879939,257802356825,83999864850,21.768933317165367
4000,5830225,256837449047,83308056515,21.95455578472529
