N (rows),time (us),instructions,cycles,GFLOP/s
4000,3564650,57366852798,51462457281,35.90815367567644
4000,3565329,57349608007,51526469712,35.901315138098056
4000,3558308,57345858163,51490384101,35.972153057014744
4000,3563451,57364445639,51458770626,35.92023574899725
4000,3561601,57341271040,51468429891,35.93889377277241
