N (rows),time (us),instructions,cycles,GFLOP/s
4000,3564660,57227413189,51401653540,35.90805294193556
4000,3566134,57421588606,51506353944,35.89321096739494
4000,3567411,57367900026,51534684526,35.880362537425604
4000,3566114,57345537862,51497364796,35.89341226892915
4000,3570423,57362219227,51511898484,35.85009395245326
