N (rows),time (us),instructions,cycles,GFLOP/s
4000,1277765,35720964429,18642543486,100.17491479262618
4000,1357560,35523899614,19602971228,94.28680868617226
4000,1279006,35746787575,18680817021,100.0777166017986
4000,1273579,35812293756,18648507808,100.5041697452612
4000,1281930,35684909239,18683705693,99.84944575756866
