N (rows),time (us),instructions,cycles,GFLOP/s
4000,829429,25933440833,12282263622,154.32303428020964
4000,778416,26155953370,11447064197,164.4364966804382
4000,843316,25988260543,12083876184,151.7817757519127
4000,797104,25748045757,11916907396,160.58130432164438
4000,780957,26068761852,11471972818,163.90146960716146
