N (rows),time (us),instructions,cycles,GFLOP/s
4000,799871,25495568552,11365461632,160.02580416092096
4000,753242,26032030375,11157836340,169.93210681294988
4000,784512,26102449273,11635727486,163.15875346712352
4000,787410,25911952495,11671308666,162.55826062661131
4000,838864,25895814236,12399983212,152.5873085506113
