N (rows),time (us),instructions,cycles,GFLOP/s
4000,627940,28649902667,9546823635,203.84113131827883
4000,627651,28980098002,9523204990,203.93498934917653
4000,628317,28484128522,9550313091,203.71882346013237
4000,628148,28021486645,9258320983,203.7736329654795
4000,629220,28420695688,9558783675,203.42646451161755
