N (rows),time (us),instructions,cycles,GFLOP/s
4000,627895,28367696333,9549334748,203.85574021134107
4000,627152,28538031474,9542638449,204.0972523407404
4000,627769,28537732815,9542454897,203.8966562541317
4000,628058,28515252147,9543350574,203.80283349626944
4000,628008,28820262164,9534532085,203.81905962981364
