N (rows),time (us),instructions,cycles,GFLOP/s
4000,285749200,449269703486,1082147953900,0.44794526108909494
4000,286011100,449273781771,1083027404805,0.44753507818402855
4000,285750900,449270820441,1081955871560,0.44794259615630255
4000,285664900,449306414335,1081293975702,0.4480774501872649
4000,286932800,449269160114,1085456604628,0.4460974834525715
