N (rows),time (us),instructions,cycles,GFLOP/s
4000,68613620,385175100009,260095368855,1.8655188284774948
4000,68619020,385150906025,260065447125,1.865372020760425
4000,68558560,385186899817,260108316729,1.867017043531836
4000,68613650,384997053067,260081620724,1.8655180128152344
4000,68564060,385245608490,260111947709,1.8668672771128199
