N (rows),time (us),instructions,cycles,GFLOP/s
4000,11687960,49536622417,41594732593,10.951440627791333
4000,11625560,49547617253,41327807512,11.010222303269693
4000,11602920,49592298216,41439534159,11.03170581198526
4000,11683490,49566057338,41251537968,10.95563055217234
4000,11563880,49621827118,41579793338,11.068949176228049
