N (rows),time (us),instructions,cycles,GFLOP/s
4000,4584036,36340942951,17858783374,27.92299187877233
4000,4477610,36319877952,17455681948,28.586679054227595
4000,4472566,36193711059,17452889050,28.618918088631897
4000,4467078,36231400427,17326602727,28.654077676727383
4000,4489199,36291238329,17514777379,28.512881696712487
