N (rows),time (us),instructions,cycles,GFLOP/s
4000,2548756,26517689865,10167751371,50.22057819579434
4000,2565112,26470495819,10237889815,49.90035522815378
4000,2547285,26267722517,10044016554,50.2495794542032
4000,2551852,26506736245,10187802953,50.159648757059585
4000,2542620,26268964117,10029376617,50.34177344628769
