N (rows),time (us),instructions,cycles,GFLOP/s
4000,2296459,29481885977,9211524651,55.73798617785033
4000,2297387,29474892569,9215795526,55.715471533529175
4000,2295003,29479972740,9205649357,55.77334757296614
4000,2292743,29539547271,9206310235,55.828324413159265
4000,2297826,29475475548,9217497466,55.70482708438325
