N (rows),time (us),instructions,cycles,GFLOP/s
4000,285482700,833245995936,1080920404510,0.448363420970868
4000,285343700,833255404429,1079931317458,0.448581833066579
4000,285014100,833259496019,1079119550254,0.44910058835685673
4000,285646600,833267009041,1081237750524,0.448106156348439
4000,285386800,833378053018,1080585142331,0.4485140868463433
