N (rows),time (us),instructions,cycles,GFLOP/s
4000,69756150,769111801374,264303768467,1.8349636555343152
4000,69030390,768924839048,261585442175,1.8542557850245378
4000,69011210,769117642728,261504149430,1.8547711306612362
4000,68929410,769115188640,261467980267,1.8569722270943567
4000,69720590,769203428826,264391627836,1.8358995527720003
