N (rows),time (us),instructions,cycles,GFLOP/s
4000,12510180,105824324727,47796649415,10.231667330126346
4000,12540180,105821805895,47948709631,10.20719000843688
4000,12519380,105755249670,47796712861,10.224148480196304
4000,12511770,105825081904,47832664005,10.23036708635149
4000,12529070,105714590046,47799262518,10.21624110967534
