N (rows),time (us),instructions,cycles,GFLOP/s
4000,2613086,33563001111,10411138012,48.984227844012786
4000,2611862,33600806555,10405887772,49.007183381051526
4000,2613409,33589849680,10409556892,48.97817371869463
4000,2614745,33619035899,10415343815,48.95314839496777
4000,2615371,33577345806,10421908372,48.941431253921536
