N (rows),time (us),instructions,cycles,GFLOP/s
4000,2614416,39610956743,10414275515,48.95930869456124
4000,2611199,39610081071,10405889714,49.0196266159722
4000,2616982,39609843642,10427508711,48.91130317289153
4000,2614804,39641824058,10418021248,48.952043824317236
4000,2615498,39688841778,10418351615,48.93905481862345
